{
    "meta": {
        "id": "v-MrHKCy9Dx5",
        "HMDFSchemaVersion": 1,
        "timestampUTC": "Tue, 21 Jun 2022 13:29:38 GMT",
        "timestampUnix": 1655818178119
    },
    "fixture": {
        "count": 282,
        "checkoutCount": 5,
        "shelfCount": 275
    },
    "opening": {
        "count": 1,
        "allHaveDisplayPoint": true
    },
    "relationship": {
        "count": 162
    },
    "level": {
        "count": 1
    },
    "routePoint": {
        "count": 126,
        "fixtureAssociations": 21,
        "openingAssociations": 1
    },
    "product": {
        "count": 0,
        "duplicateNames": 0,
        "duplicateUPCs": 0,
        "productGroupNameCount": 0,
        "productsWithoutLocationsCount": 0
    },
    "productCategory": {
        "count": 0,
        "duplicateCategoryNamesCount": 0
    },
    "aisle": {
        "count": 0
    },
    "checkout": {
        "count": 2
    },
    "section": {
        "count": 0
    },
    "searchTerm": {
        "count": 0,
        "overrideCount": 0,
        "allHaveUPC": false
    }
}